[
  {
    "Type": "CAPACITOR",
    "Industry": "UTILITY",
    "Size": "3-Unit Rack 300 Kvar (Fixed)",
    "Lateral Area (ft²)": 1.363,
    "Pole Side Area (ft²)": 2.703,
    "Weight (lbf)": 350,
    "Distance to Bottom From Attachment (\")": 2.55996,
    "Distance to Top from Attachment (\")": 15.36,
    "Distance to Center of Mass (\")": 9.96,
    "Bolt Hole Diameter (/16\")": "None",
    "Shape": "SQUARE"
  },
  {
    "Type": "CAPACITOR",
    "Industry": "UTILITY",
    "Size": "3-Unit Rack 300 Kvar (Switched)",
    "Lateral Area (ft²)": 1.363,
    "Pole Side Area (ft²)": 2.703,
    "Weight (lbf)": 600,
    "Distance to Bottom From Attachment (\")": 2.55996,
    "Distance to Top from Attachment (\")": 15.36,
    "Distance to Center of Mass (\")": 9.96,
    "Bolt Hole Diameter (/16\")": "None",
    "Shape": "SQUARE"
  },
  {
    "Type": "CAPACITOR",
    "Industry": "UTILITY",
    "Size": "3-Unit Rack 600 Kvar (Fixed)",
    "Lateral Area (ft²)": 1.796,
    "Pole Side Area (ft²)": 3.133,
    "Weight (lbf)": 550,
    "Distance to Bottom From Attachment (\")": 7.2,
    "Distance to Top from Attachment (\")": 15.36,
    "Distance to Center of Mass (\")": 9.96,
    "Bolt Hole Diameter (/16\")": "None",
    "Shape": "SQUARE"
  },
  {
    "Type": "CAPACITOR",
    "Industry": "UTILITY",
    "Size": "3-Unit Rack 600 Kvar (Switched)",
    "Lateral Area (ft²)": 2.63,
    "Pole Side Area (ft²)": 3.967,
    "Weight (lbf)": 750,
    "Distance to Bottom From Attachment (\")": 7.2,
    "Distance to Top from Attachment (\")": 15.36,
    "Distance to Center of Mass (\")": 18.96,
    "Bolt Hole Diameter (/16\")": "None",
    "Shape": "SQUARE"
  },
  {
    "Type": "CAPACITOR",
    "Industry": "UTILITY",
    "Size": "6-Unit Rack 1200 Kvar (Fixed)",
    "Lateral Area (ft²)": 1.796,
    "Pole Side Area (ft²)": 5.516,
    "Weight (lbf)": 950,
    "Distance to Bottom From Attachment (\")": 7.2,
    "Distance to Top from Attachment (\")": 15.36,
    "Distance to Center of Mass (\")": 9.96,
    "Bolt Hole Diameter (/16\")": "None",
    "Shape": "SQUARE"
  },
  {
    "Type": "CAPACITOR",
    "Industry": "UTILITY",
    "Size": "6-Unit Rack 1200 Kvar (Switched)",
    "Lateral Area (ft²)": 2.63,
    "Pole Side Area (ft²)": 6.35,
    "Weight (lbf)": 1150,
    "Distance to Bottom From Attachment (\")": 7.2,
    "Distance to Top from Attachment (\")": 15.36,
    "Distance to Center of Mass (\")": 18.96,
    "Bolt Hole Diameter (/16\")": "None",
    "Shape": "SQUARE"
  },
  {
    "Type": "CAPACITOR",
    "Industry": "UTILITY",
    "Size": "6-Unit Rack 1800 Kvar (Fixed)",
    "Lateral Area (ft²)": 1.796,
    "Pole Side Area (ft²)": 5.516,
    "Weight (lbf)": 1150,
    "Distance to Bottom From Attachment (\")": 7.2,
    "Distance to Top from Attachment (\")": 15.36,
    "Distance to Center of Mass (\")": 9.96,
    "Bolt Hole Diameter (/16\")": "None",
    "Shape": "SQUARE"
  },
  {
    "Type": "CAPACITOR",
    "Industry": "UTILITY",
    "Size": "6-Unit Rack 1800 Kvar (Switched)",
    "Lateral Area (ft²)": 2.63,
    "Pole Side Area (ft²)": 6.35,
    "Weight (lbf)": 1350,
    "Distance to Bottom From Attachment (\")": 7.2,
    "Distance to Top from Attachment (\")": 15.36,
    "Distance to Center of Mass (\")": 18.96,
    "Bolt Hole Diameter (/16\")": "None",
    "Shape": "SQUARE"
  },
  {
    "Type": "CAPACITOR",
    "Industry": "UTILITY",
    "Size": "Paging Antenna",
    "Lateral Area (ft²)": 0.111,
    "Pole Side Area (ft²)": 0.111,
    "Weight (lbf)": 3,
    "Distance to Bottom From Attachment (\")": 3,
    "Distance to Top from Attachment (\")": 12,
    "Distance to Center of Mass (\")": 0,
    "Bolt Hole Diameter (/16\")": "None",
    "Shape": "SQUARE"
  },
  {
    "Type": "CONTACTOR_BOX",
    "Industry": "UTILITY",
    "Size": "Street Light",
    "Lateral Area (ft²)": 0.5,
    "Pole Side Area (ft²)": 0.5,
    "Weight (lbf)": 50,
    "Distance to Bottom From Attachment (\")": 12,
    "Distance to Top from Attachment (\")": 0,
    "Distance to Center of Mass (\")": 6,
    "Bolt Hole Diameter (/16\")": "None",
    "Shape": "SQUARE"
  },
  {
    "Type": "CUTOUT_ARRESTOR",
    "Industry": "UTILITY",
    "Size": "1 Arrestor 18\" Bracket",
    "Lateral Area (ft²)": 0.404,
    "Pole Side Area (ft²)": 0.404,
    "Weight (lbf)": 14,
    "Distance to Bottom From Attachment (\")": 13.5,
    "Distance to Top from Attachment (\")": 3.87,
    "Distance to Center of Mass (\")": 18,
    "Bolt Hole Diameter (/16\")": "None",
    "Shape": "SQUARE"
  },
  {
    "Type": "CUTOUT_ARRESTOR",
    "Industry": "UTILITY",
    "Size": "1 Arrestor Cross Arm",
    "Lateral Area (ft²)": 0.404,
    "Pole Side Area (ft²)": 0.404,
    "Weight (lbf)": 14,
    "Distance to Bottom From Attachment (\")": 13.5,
    "Distance to Top from Attachment (\")": 3.87,
    "Distance to Center of Mass (\")": 10.43004,
    "Bolt Hole Diameter (/16\")": "None",
    "Shape": "ROUND"
  },
  {
    "Type": "CUTOUT_ARRESTOR",
    "Industry": "UTILITY",
    "Size": "1 Arrestor Pole Side",
    "Lateral Area (ft²)": 0.404,
    "Pole Side Area (ft²)": 0.404,
    "Weight (lbf)": 14,
    "Distance to Bottom From Attachment (\")": 13.5,
    "Distance to Top from Attachment (\")": 3.87,
    "Distance to Center of Mass (\")": 10.43004,
    "Bolt Hole Diameter (/16\")": "None",
    "Shape": "ROUND"
  },
  {
    "Type": "CUTOUT_ARRESTOR",
    "Industry": "UTILITY",
    "Size": "1 Cutout Cross Arm",
    "Lateral Area (ft²)": 0.213,
    "Pole Side Area (ft²)": 0.142,
    "Weight (lbf)": 14,
    "Distance to Bottom From Attachment (\")": 15.624,
    "Distance to Top from Attachment (\")": 0,
    "Distance to Center of Mass (\")": 13.956,
    "Bolt Hole Diameter (/16\")": "None",
    "Shape": "ROUND"
  },
  {
    "Type": "CUTOUT_ARRESTOR",
    "Industry": "UTILITY",
    "Size": "1 Cutout Equipment Bracket",
    "Lateral Area (ft²)": 0.213,
    "Pole Side Area (ft²)": 0.142,
    "Weight (lbf)": 14,
    "Distance to Bottom From Attachment (\")": 15.624,
    "Distance to Top from Attachment (\")": 0,
    "Distance to Center of Mass (\")": 13.956,
    "Bolt Hole Diameter (/16\")": "None",
    "Shape": "ROUND"
  },
  {
    "Type": "CUTOUT_ARRESTOR",
    "Industry": "UTILITY",
    "Size": "1 Cutout Pole Side",
    "Lateral Area (ft²)": 0.213,
    "Pole Side Area (ft²)": 0.142,
    "Weight (lbf)": 14,
    "Distance to Bottom From Attachment (\")": 15.624,
    "Distance to Top from Attachment (\")": 0,
    "Distance to Center of Mass (\")": 13.956,
    "Bolt Hole Diameter (/16\")": "None",
    "Shape": "ROUND"
  },
  {
    "Type": "CUTOUT_ARRESTOR",
    "Industry": "UTILITY",
    "Size": "3 Cutout Equipment Bracket",
    "Lateral Area (ft²)": 0.639,
    "Pole Side Area (ft²)": 0.426,
    "Weight (lbf)": 42,
    "Distance to Bottom From Attachment (\")": 15.624,
    "Distance to Top from Attachment (\")": 0,
    "Distance to Center of Mass (\")": 13.956,
    "Bolt Hole Diameter (/16\")": "None",
    "Shape": "ROUND"
  },
  {
    "Type": "DRIP_LOOP",
    "Industry": "UTILITY",
    "Size": "Capacitor",
    "Lateral Area (ft²)": 0,
    "Pole Side Area (ft²)": 0,
    "Weight (lbf)": 0,
    "Distance to Bottom From Attachment (\")": 0,
    "Distance to Top from Attachment (\")": 0,
    "Distance to Center of Mass (\")": 0,
    "Bolt Hole Diameter (/16\")": "None",
    "Shape": "ROUND"
  },
  {
    "Type": "DRIP_LOOP",
    "Industry": "UTILITY",
    "Size": "Secondary",
    "Lateral Area (ft²)": 0,
    "Pole Side Area (ft²)": 0,
    "Weight (lbf)": 0,
    "Distance to Bottom From Attachment (\")": 0,
    "Distance to Top from Attachment (\")": 0,
    "Distance to Center of Mass (\")": 0,
    "Bolt Hole Diameter (/16\")": "None",
    "Shape": "ROUND"
  },
  {
    "Type": "DRIP_LOOP",
    "Industry": "UTILITY",
    "Size": "Street Light",
    "Lateral Area (ft²)": 0,
    "Pole Side Area (ft²)": 0,
    "Weight (lbf)": 0,
    "Distance to Bottom From Attachment (\")": 0,
    "Distance to Top from Attachment (\")": 0,
    "Distance to Center of Mass (\")": 0,
    "Bolt Hole Diameter (/16\")": "None",
    "Shape": "ROUND"
  },
  {
    "Type": "DRIP_LOOP",
    "Industry": "UTILITY",
    "Size": "Transformer",
    "Lateral Area (ft²)": 0,
    "Pole Side Area (ft²)": 0,
    "Weight (lbf)": 0,
    "Distance to Bottom From Attachment (\")": 0,
    "Distance to Top from Attachment (\")": 0,
    "Distance to Center of Mass (\")": 0,
    "Bolt Hole Diameter (/16\")": "None",
    "Shape": "ROUND"
  },
  {
    "Type": "JOINT_USE_BOX",
    "Industry": "COMMUNICATION",
    "Size": "Large (18\" X 18\")",
    "Lateral Area (ft²)": 2.25,
    "Pole Side Area (ft²)": 2.25,
    "Weight (lbf)": 100,
    "Distance to Bottom From Attachment (\")": 0,
    "Distance to Top from Attachment (\")": 0,
    "Distance to Center of Mass (\")": 6,
    "Bolt Hole Diameter (/16\")": "None",
    "Shape": "SQUARE"
  },
  {
    "Type": "JOINT_USE_BOX",
    "Industry": "COMMUNICATION",
    "Size": "Medium (12\" X 12\")",
    "Lateral Area (ft²)": 1,
    "Pole Side Area (ft²)": 1,
    "Weight (lbf)": 75,
    "Distance to Bottom From Attachment (\")": 0,
    "Distance to Top from Attachment (\")": 0,
    "Distance to Center of Mass (\")": 6,
    "Bolt Hole Diameter (/16\")": "None",
    "Shape": "SQUARE"
  },
  {
    "Type": "JOINT_USE_BOX",
    "Industry": "COMMUNICATION",
    "Size": "Small (6\" X 6\")",
    "Lateral Area (ft²)": 0.25,
    "Pole Side Area (ft²)": 0.25,
    "Weight (lbf)": 50,
    "Distance to Bottom From Attachment (\")": 0,
    "Distance to Top from Attachment (\")": 0,
    "Distance to Center of Mass (\")": 6,
    "Bolt Hole Diameter (/16\")": "None",
    "Shape": "SQUARE"
  },
  {
    "Type": "JOINT_USE_BOX",
    "Industry": "COMMUNICATION",
    "Size": "WiFi Unit",
    "Lateral Area (ft²)": 0.111,
    "Pole Side Area (ft²)": 0.111,
    "Weight (lbf)": 3,
    "Distance to Bottom From Attachment (\")": 3,
    "Distance to Top from Attachment (\")": 12,
    "Distance to Center of Mass (\")": 0,
    "Bolt Hole Diameter (/16\")": "None",
    "Shape": "SQUARE"
  },
  {
    "Type": "PRIMARY_METERING",
    "Industry": "UTILITY",
    "Size": "25 kV (Medium)",
    "Lateral Area (ft²)": 2.4,
    "Pole Side Area (ft²)": 4.04,
    "Weight (lbf)": 900,
    "Distance to Bottom From Attachment (\")": 17.0004,
    "Distance to Top from Attachment (\")": 18.99996,
    "Distance to Center of Mass (\")": 23.00004,
    "Bolt Hole Diameter (/16\")": "None",
    "Shape": "SQUARE"
  },
  {
    "Type": "PRIMARY_METERING",
    "Industry": "UTILITY",
    "Size": "34.5 kV (Large)",
    "Lateral Area (ft²)": 4.152,
    "Pole Side Area (ft²)": 5.451,
    "Weight (lbf)": 980,
    "Distance to Bottom From Attachment (\")": 20.904,
    "Distance to Top from Attachment (\")": 22.896,
    "Distance to Center of Mass (\")": 32.0004,
    "Bolt Hole Diameter (/16\")": "None",
    "Shape": "SQUARE"
  },
  {
    "Type": "PRIMARY_METERING",
    "Industry": "UTILITY",
    "Size": "5-15 kV (Small)",
    "Lateral Area (ft²)": 1.908,
    "Pole Side Area (ft²)": 2.829,
    "Weight (lbf)": 510,
    "Distance to Bottom From Attachment (\")": 15.75,
    "Distance to Top from Attachment (\")": 17.7504,
    "Distance to Center of Mass (\")": 20.00004,
    "Bolt Hole Diameter (/16\")": "None",
    "Shape": "SQUARE"
  },
  {
    "Type": "RECLOSER",
    "Industry": "UTILITY",
    "Size": "Single-Phase Electric",
    "Lateral Area (ft²)": 2.3,
    "Pole Side Area (ft²)": 2.39,
    "Weight (lbf)": 182,
    "Distance to Bottom From Attachment (\")": 21.24,
    "Distance to Top from Attachment (\")": 18.24,
    "Distance to Center of Mass (\")": 9.36,
    "Bolt Hole Diameter (/16\")": "None",
    "Shape": "ROUND"
  },
  {
    "Type": "RECLOSER",
    "Industry": "UTILITY",
    "Size": "Single-Phase Hydraulic",
    "Lateral Area (ft²)": 2.3,
    "Pole Side Area (ft²)": 2.39,
    "Weight (lbf)": 182,
    "Distance to Bottom From Attachment (\")": 21.24,
    "Distance to Top from Attachment (\")": 18.24,
    "Distance to Center of Mass (\")": 9.36,
    "Bolt Hole Diameter (/16\")": "None",
    "Shape": "ROUND"
  },
  {
    "Type": "RECLOSER",
    "Industry": "UTILITY",
    "Size": "Single-Phase Versa Tech",
    "Lateral Area (ft²)": 2.3,
    "Pole Side Area (ft²)": 2.39,
    "Weight (lbf)": 182,
    "Distance to Bottom From Attachment (\")": 21.24,
    "Distance to Top from Attachment (\")": 18.24,
    "Distance to Center of Mass (\")": 9.36,
    "Bolt Hole Diameter (/16\")": "None",
    "Shape": "ROUND"
  },
  {
    "Type": "RECLOSER",
    "Industry": "UTILITY",
    "Size": "Three-Phase Electronic",
    "Lateral Area (ft²)": 2.3,
    "Pole Side Area (ft²)": 2.39,
    "Weight (lbf)": 182,
    "Distance to Bottom From Attachment (\")": 21.24,
    "Distance to Top from Attachment (\")": 18.24,
    "Distance to Center of Mass (\")": 9.36,
    "Bolt Hole Diameter (/16\")": "None",
    "Shape": "ROUND"
  },
  {
    "Type": "RECLOSER",
    "Industry": "UTILITY",
    "Size": "Three-Phase Hydraulic",
    "Lateral Area (ft²)": 2.3,
    "Pole Side Area (ft²)": 2.39,
    "Weight (lbf)": 182,
    "Distance to Bottom From Attachment (\")": 21.24,
    "Distance to Top from Attachment (\")": 18.24,
    "Distance to Center of Mass (\")": 9.36,
    "Bolt Hole Diameter (/16\")": "None",
    "Shape": "ROUND"
  },
  {
    "Type": "REGULATOR",
    "Industry": "UTILITY",
    "Size": "144 kVA, 14.4 kV",
    "Lateral Area (ft²)": 14.58,
    "Pole Side Area (ft²)": 17.28,
    "Weight (lbf)": 2100,
    "Distance to Bottom From Attachment (\")": 57.96,
    "Distance to Top from Attachment (\")": 22.32,
    "Distance to Center of Mass (\")": 25.2,
    "Bolt Hole Diameter (/16\")": "None",
    "Shape": "ROUND"
  },
  {
    "Type": "REGULATOR",
    "Industry": "UTILITY",
    "Size": "167 kVA, up to 7.6 kV",
    "Lateral Area (ft²)": 14.58,
    "Pole Side Area (ft²)": 17.28,
    "Weight (lbf)": 2000,
    "Distance to Bottom From Attachment (\")": 57.96,
    "Distance to Top from Attachment (\")": 22.32,
    "Distance to Center of Mass (\")": 25.2,
    "Bolt Hole Diameter (/16\")": "None",
    "Shape": "ROUND"
  },
  {
    "Type": "REGULATOR",
    "Industry": "UTILITY",
    "Size": "288 kVA, 14.4 kV",
    "Lateral Area (ft²)": 14.58,
    "Pole Side Area (ft²)": 17.28,
    "Weight (lbf)": 2800,
    "Distance to Bottom From Attachment (\")": 57.96,
    "Distance to Top from Attachment (\")": 22.32,
    "Distance to Center of Mass (\")": 25.2,
    "Bolt Hole Diameter (/16\")": "None",
    "Shape": "ROUND"
  },
  {
    "Type": "REGULATOR",
    "Industry": "UTILITY",
    "Size": "416 kVA, up to 7.6 kV",
    "Lateral Area (ft²)": 14.58,
    "Pole Side Area (ft²)": 17.28,
    "Weight (lbf)": 4500,
    "Distance to Bottom From Attachment (\")": 57.96,
    "Distance to Top from Attachment (\")": 22.32,
    "Distance to Center of Mass (\")": 25.2,
    "Bolt Hole Diameter (/16\")": "None",
    "Shape": "ROUND"
  },
  {
    "Type": "RISER",
    "Industry": "BOTH",
    "Size": "2\" Metal",
    "Lateral Area (ft²)": 0.2,
    "Pole Side Area (ft²)": 0.2,
    "Weight (lbf)": 1.1185,
    "Distance to Bottom From Attachment (\")": 0,
    "Distance to Top from Attachment (\")": 0,
    "Distance to Center of Mass (\")": 1.2,
    "Bolt Hole Diameter (/16\")": "None",
    "Shape": "ROUND"
  },
  {
    "Type": "RISER",
    "Industry": "BOTH",
    "Size": "2\" Schedule 80 PVC",
    "Lateral Area (ft²)": 0.2,
    "Pole Side Area (ft²)": 0.2,
    "Weight (lbf)": 0.695,
    "Distance to Bottom From Attachment (\")": 0,
    "Distance to Top from Attachment (\")": 0,
    "Distance to Center of Mass (\")": 1.2,
    "Bolt Hole Diameter (/16\")": "None",
    "Shape": "ROUND"
  },
  {
    "Type": "RISER",
    "Industry": "BOTH",
    "Size": "4\" Metal",
    "Lateral Area (ft²)": 0.38,
    "Pole Side Area (ft²)": 0.38,
    "Weight (lbf)": 3.502,
    "Distance to Bottom From Attachment (\")": 0,
    "Distance to Top from Attachment (\")": 0,
    "Distance to Center of Mass (\")": 2.28,
    "Bolt Hole Diameter (/16\")": "None",
    "Shape": "ROUND"
  },
  {
    "Type": "RISER",
    "Industry": "BOTH",
    "Size": "4\" Schedule 80 PVC",
    "Lateral Area (ft²)": 0.38,
    "Pole Side Area (ft²)": 0.38,
    "Weight (lbf)": 2.043,
    "Distance to Bottom From Attachment (\")": 0,
    "Distance to Top from Attachment (\")": 0,
    "Distance to Center of Mass (\")": 2.28,
    "Bolt Hole Diameter (/16\")": "None",
    "Shape": "ROUND"
  },
  {
    "Type": "STREET_LIGHT",
    "Industry": "UTILITY",
    "Size": "240V Luminaire - 6 ft",
    "Lateral Area (ft²)": 2.18,
    "Pole Side Area (ft²)": 0.87,
    "Weight (lbf)": 60,
    "Distance to Bottom From Attachment (\")": 12,
    "Distance to Top from Attachment (\")": 24,
    "Distance to Center of Mass (\")": 72,
    "Bolt Hole Diameter (/16\")": "None",
    "Shape": "ROUND"
  },
  {
    "Type": "STREET_LIGHT",
    "Industry": "UTILITY",
    "Size": "250W HPS Lamp - 6 ft",
    "Lateral Area (ft²)": 2.18,
    "Pole Side Area (ft²)": 0.87,
    "Weight (lbf)": 60,
    "Distance to Bottom From Attachment (\")": 12,
    "Distance to Top from Attachment (\")": 24,
    "Distance to Center of Mass (\")": 72,
    "Bolt Hole Diameter (/16\")": "None",
    "Shape": "ROUND"
  },
  {
    "Type": "STREET_LIGHT",
    "Industry": "UTILITY",
    "Size": "Floodlight (16\" X 16\")",
    "Lateral Area (ft²)": 1.75,
    "Pole Side Area (ft²)": 1.11,
    "Weight (lbf)": 64,
    "Distance to Bottom From Attachment (\")": 5.52,
    "Distance to Top from Attachment (\")": 16.8,
    "Distance to Center of Mass (\")": 29.88,
    "Bolt Hole Diameter (/16\")": "None",
    "Shape": "SQUARE"
  },
  {
    "Type": "STREET_LIGHT",
    "Industry": "UTILITY",
    "Size": "Floodlight (18\" X 18\")",
    "Lateral Area (ft²)": 2.25,
    "Pole Side Area (ft²)": 1.42,
    "Weight (lbf)": 45,
    "Distance to Bottom From Attachment (\")": 5.52,
    "Distance to Top from Attachment (\")": 16.8,
    "Distance to Center of Mass (\")": 29.88,
    "Bolt Hole Diameter (/16\")": "None",
    "Shape": "SQUARE"
  },
  {
    "Type": "STREET_LIGHT",
    "Industry": "UTILITY",
    "Size": "Floodlight (22\" X 22\")",
    "Lateral Area (ft²)": 3.36,
    "Pole Side Area (ft²)": 2.13,
    "Weight (lbf)": 65,
    "Distance to Bottom From Attachment (\")": 5.52,
    "Distance to Top from Attachment (\")": 16.8,
    "Distance to Center of Mass (\")": 29.88,
    "Bolt Hole Diameter (/16\")": "None",
    "Shape": "SQUARE"
  },
  {
    "Type": "STREET_LIGHT",
    "Industry": "UTILITY",
    "Size": "Roadway - 6 ft",
    "Lateral Area (ft²)": 2.18,
    "Pole Side Area (ft²)": 0.87,
    "Weight (lbf)": 60,
    "Distance to Bottom From Attachment (\")": 12,
    "Distance to Top from Attachment (\")": 24,
    "Distance to Center of Mass (\")": 72,
    "Bolt Hole Diameter (/16\")": "None",
    "Shape": "ROUND"
  },
  {
    "Type": "SWITCH",
    "Industry": "UTILITY",
    "Size": "Gang Operated 15 kV Triangular",
    "Lateral Area (ft²)": 4,
    "Pole Side Area (ft²)": 1,
    "Weight (lbf)": 254,
    "Distance to Bottom From Attachment (\")": 0,
    "Distance to Top from Attachment (\")": 0,
    "Distance to Center of Mass (\")": 2.04,
    "Bolt Hole Diameter (/16\")": "None",
    "Shape": "ROUND"
  },
  {
    "Type": "SWITCH",
    "Industry": "UTILITY",
    "Size": "Gang Operated 15/25 kV Horizontal",
    "Lateral Area (ft²)": 4,
    "Pole Side Area (ft²)": 1,
    "Weight (lbf)": 283,
    "Distance to Bottom From Attachment (\")": 0,
    "Distance to Top from Attachment (\")": 0,
    "Distance to Center of Mass (\")": 2.04,
    "Bolt Hole Diameter (/16\")": "None",
    "Shape": "ROUND"
  },
  {
    "Type": "SWITCH",
    "Industry": "UTILITY",
    "Size": "Riser Disconnect 15 kV",
    "Lateral Area (ft²)": 0.583,
    "Pole Side Area (ft²)": 0.271,
    "Weight (lbf)": 26,
    "Distance to Bottom From Attachment (\")": 0,
    "Distance to Top from Attachment (\")": 0,
    "Distance to Center of Mass (\")": 2.04,
    "Bolt Hole Diameter (/16\")": "None",
    "Shape": "ROUND"
  },
  {
    "Type": "SWITCH",
    "Industry": "UTILITY",
    "Size": "Riser Disconnect 25 kV",
    "Lateral Area (ft²)": 0.646,
    "Pole Side Area (ft²)": 0.292,
    "Weight (lbf)": 32,
    "Distance to Bottom From Attachment (\")": 0,
    "Distance to Top from Attachment (\")": 0,
    "Distance to Center of Mass (\")": 2.04,
    "Bolt Hole Diameter (/16\")": "None",
    "Shape": "ROUND"
  },
  {
    "Type": "SWITCH",
    "Industry": "UTILITY",
    "Size": "SCADA-Mate 15 kV non-symetrical",
    "Lateral Area (ft²)": 4.125,
    "Pole Side Area (ft²)": 1.208,
    "Weight (lbf)": 415,
    "Distance to Bottom From Attachment (\")": 0,
    "Distance to Top from Attachment (\")": 0,
    "Distance to Center of Mass (\")": 2.04,
    "Bolt Hole Diameter (/16\")": "None",
    "Shape": "ROUND"
  },
  {
    "Type": "SWITCH",
    "Industry": "UTILITY",
    "Size": "SCADA-Mate 25 kV non-symetrical",
    "Lateral Area (ft²)": 4.125,
    "Pole Side Area (ft²)": 1.417,
    "Weight (lbf)": 465,
    "Distance to Bottom From Attachment (\")": 0,
    "Distance to Top from Attachment (\")": 0,
    "Distance to Center of Mass (\")": 2.04,
    "Bolt Hole Diameter (/16\")": "None",
    "Shape": "ROUND"
  },
  {
    "Type": "TRANSFORMER",
    "Industry": "UTILITY",
    "Size": "10 kVA Single Phase, 15 x 5kV DV",
    "Lateral Area (ft²)": 3.15,
    "Pole Side Area (ft²)": 3.21,
    "Weight (lbf)": 390,
    "Distance to Bottom From Attachment (\")": 21.96,
    "Distance to Top from Attachment (\")": 14.04,
    "Distance to Center of Mass (\")": 9.96,
    "Bolt Hole Diameter (/16\")": "None",
    "Shape": "ROUND"
  },
  {
    "Type": "TRANSFORMER",
    "Industry": "UTILITY",
    "Size": "10 kVA Single Phase, 15kV",
    "Lateral Area (ft²)": 3.15,
    "Pole Side Area (ft²)": 3.21,
    "Weight (lbf)": 275,
    "Distance to Bottom From Attachment (\")": 21.96,
    "Distance to Top from Attachment (\")": 14.04,
    "Distance to Center of Mass (\")": 9.96,
    "Bolt Hole Diameter (/16\")": "None",
    "Shape": "ROUND"
  },
  {
    "Type": "TRANSFORMER",
    "Industry": "UTILITY",
    "Size": "10 kVA Single Phase, 25kV",
    "Lateral Area (ft²)": 3.15,
    "Pole Side Area (ft²)": 3.21,
    "Weight (lbf)": 340,
    "Distance to Bottom From Attachment (\")": 21.96,
    "Distance to Top from Attachment (\")": 14.04,
    "Distance to Center of Mass (\")": 9.96,
    "Bolt Hole Diameter (/16\")": "None",
    "Shape": "ROUND"
  },
  {
    "Type": "TRANSFORMER",
    "Industry": "UTILITY",
    "Size": "100 kVA Single Phase, 15kV",
    "Lateral Area (ft²)": 3.15,
    "Pole Side Area (ft²)": 3.21,
    "Weight (lbf)": 1050,
    "Distance to Bottom From Attachment (\")": 21.96,
    "Distance to Top from Attachment (\")": 14.04,
    "Distance to Center of Mass (\")": 9.96,
    "Bolt Hole Diameter (/16\")": "None",
    "Shape": "ROUND"
  },
  {
    "Type": "TRANSFORMER",
    "Industry": "UTILITY",
    "Size": "100 kVA Single Phase, 25kV",
    "Lateral Area (ft²)": 3.15,
    "Pole Side Area (ft²)": 3.21,
    "Weight (lbf)": 1120,
    "Distance to Bottom From Attachment (\")": 21.96,
    "Distance to Top from Attachment (\")": 14.04,
    "Distance to Center of Mass (\")": 9.96,
    "Bolt Hole Diameter (/16\")": "None",
    "Shape": "ROUND"
  },
  {
    "Type": "TRANSFORMER",
    "Industry": "UTILITY",
    "Size": "15 kVA Single Phase, 15kV (MO)",
    "Lateral Area (ft²)": 3.15,
    "Pole Side Area (ft²)": 3.21,
    "Weight (lbf)": 310,
    "Distance to Bottom From Attachment (\")": 21.96,
    "Distance to Top from Attachment (\")": 14.04,
    "Distance to Center of Mass (\")": 9.96,
    "Bolt Hole Diameter (/16\")": "None",
    "Shape": "ROUND"
  },
  {
    "Type": "TRANSFORMER",
    "Industry": "UTILITY",
    "Size": "15 kVA Single Phase, 25kV (MO)",
    "Lateral Area (ft²)": 3.15,
    "Pole Side Area (ft²)": 3.21,
    "Weight (lbf)": 355,
    "Distance to Bottom From Attachment (\")": 21.96,
    "Distance to Top from Attachment (\")": 14.04,
    "Distance to Center of Mass (\")": 9.96,
    "Bolt Hole Diameter (/16\")": "None",
    "Shape": "ROUND"
  },
  {
    "Type": "TRANSFORMER",
    "Industry": "UTILITY",
    "Size": "167 kVA Single Phase, 15kV",
    "Lateral Area (ft²)": 3.15,
    "Pole Side Area (ft²)": 3.21,
    "Weight (lbf)": 1560,
    "Distance to Bottom From Attachment (\")": 21.96,
    "Distance to Top from Attachment (\")": 14.04,
    "Distance to Center of Mass (\")": 9.96,
    "Bolt Hole Diameter (/16\")": "None",
    "Shape": "ROUND"
  },
  {
    "Type": "TRANSFORMER",
    "Industry": "UTILITY",
    "Size": "167 kVA Single Phase, 25kV",
    "Lateral Area (ft²)": 3.15,
    "Pole Side Area (ft²)": 3.21,
    "Weight (lbf)": 1950,
    "Distance to Bottom From Attachment (\")": 21.96,
    "Distance to Top from Attachment (\")": 14.04,
    "Distance to Center of Mass (\")": 9.96,
    "Bolt Hole Diameter (/16\")": "None",
    "Shape": "ROUND"
  },
  {
    "Type": "TRANSFORMER",
    "Industry": "UTILITY",
    "Size": "25 kVA Single Phase, 15 x 5kV DV",
    "Lateral Area (ft²)": 3.15,
    "Pole Side Area (ft²)": 3.21,
    "Weight (lbf)": 630,
    "Distance to Bottom From Attachment (\")": 21.96,
    "Distance to Top from Attachment (\")": 14.04,
    "Distance to Center of Mass (\")": 9.96,
    "Bolt Hole Diameter (/16\")": "None",
    "Shape": "ROUND"
  },
  {
    "Type": "TRANSFORMER",
    "Industry": "UTILITY",
    "Size": "25 kVA Single Phase, 15kV",
    "Lateral Area (ft²)": 3.15,
    "Pole Side Area (ft²)": 3.21,
    "Weight (lbf)": 385,
    "Distance to Bottom From Attachment (\")": 21.96,
    "Distance to Top from Attachment (\")": 14.04,
    "Distance to Center of Mass (\")": 9.96,
    "Bolt Hole Diameter (/16\")": "None",
    "Shape": "ROUND"
  },
  {
    "Type": "TRANSFORMER",
    "Industry": "UTILITY",
    "Size": "25 kVA Single Phase, 25kV",
    "Lateral Area (ft²)": 3.15,
    "Pole Side Area (ft²)": 3.21,
    "Weight (lbf)": 440,
    "Distance to Bottom From Attachment (\")": 21.96,
    "Distance to Top from Attachment (\")": 14.04,
    "Distance to Center of Mass (\")": 9.96,
    "Bolt Hole Diameter (/16\")": "None",
    "Shape": "ROUND"
  },
  {
    "Type": "TRANSFORMER",
    "Industry": "UTILITY",
    "Size": "37.5 kVA Single Phase, 15kV (MO)",
    "Lateral Area (ft²)": 3.15,
    "Pole Side Area (ft²)": 3.21,
    "Weight (lbf)": 465,
    "Distance to Bottom From Attachment (\")": 21.96,
    "Distance to Top from Attachment (\")": 14.04,
    "Distance to Center of Mass (\")": 9.96,
    "Bolt Hole Diameter (/16\")": "None",
    "Shape": "ROUND"
  },
  {
    "Type": "TRANSFORMER",
    "Industry": "UTILITY",
    "Size": "37.5 kVA Single Phase, 25kV (MO)",
    "Lateral Area (ft²)": 3.15,
    "Pole Side Area (ft²)": 3.21,
    "Weight (lbf)": 535,
    "Distance to Bottom From Attachment (\")": 21.96,
    "Distance to Top from Attachment (\")": 14.04,
    "Distance to Center of Mass (\")": 9.96,
    "Bolt Hole Diameter (/16\")": "None",
    "Shape": "ROUND"
  },
  {
    "Type": "TRANSFORMER",
    "Industry": "UTILITY",
    "Size": "50 kVA Single Phase Dual Voltage, 15kV",
    "Lateral Area (ft²)": 3.15,
    "Pole Side Area (ft²)": 3.21,
    "Weight (lbf)": 840,
    "Distance to Bottom From Attachment (\")": 21.96,
    "Distance to Top from Attachment (\")": 14.04,
    "Distance to Center of Mass (\")": 9.96,
    "Bolt Hole Diameter (/16\")": "None",
    "Shape": "ROUND"
  },
  {
    "Type": "TRANSFORMER",
    "Industry": "UTILITY",
    "Size": "50 kVA Single Phase, 15 x 5kV DV",
    "Lateral Area (ft²)": 3.15,
    "Pole Side Area (ft²)": 3.21,
    "Weight (lbf)": 885,
    "Distance to Bottom From Attachment (\")": 21.96,
    "Distance to Top from Attachment (\")": 14.04,
    "Distance to Center of Mass (\")": 9.96,
    "Bolt Hole Diameter (/16\")": "None",
    "Shape": "ROUND"
  },
  {
    "Type": "TRANSFORMER",
    "Industry": "UTILITY",
    "Size": "50 kVA Single Phase, 15kV (short/fat)",
    "Lateral Area (ft²)": 3.15,
    "Pole Side Area (ft²)": 3.21,
    "Weight (lbf)": 660,
    "Distance to Bottom From Attachment (\")": 21.96,
    "Distance to Top from Attachment (\")": 14.04,
    "Distance to Center of Mass (\")": 9.96,
    "Bolt Hole Diameter (/16\")": "None",
    "Shape": "ROUND"
  },
  {
    "Type": "TRANSFORMER",
    "Industry": "UTILITY",
    "Size": "50 kVA Single Phase, 15kV (tall/skinny)",
    "Lateral Area (ft²)": 3.15,
    "Pole Side Area (ft²)": 3.21,
    "Weight (lbf)": 660,
    "Distance to Bottom From Attachment (\")": 21.96,
    "Distance to Top from Attachment (\")": 14.04,
    "Distance to Center of Mass (\")": 9.96,
    "Bolt Hole Diameter (/16\")": "None",
    "Shape": "ROUND"
  },
  {
    "Type": "TRANSFORMER",
    "Industry": "UTILITY",
    "Size": "50 kVA Single Phase, 25kV",
    "Lateral Area (ft²)": 3.15,
    "Pole Side Area (ft²)": 3.21,
    "Weight (lbf)": 640,
    "Distance to Bottom From Attachment (\")": 21.96,
    "Distance to Top from Attachment (\")": 14.04,
    "Distance to Center of Mass (\")": 9.96,
    "Bolt Hole Diameter (/16\")": "None",
    "Shape": "ROUND"
  },
  {
    "Type": "TRANSFORMER",
    "Industry": "UTILITY",
    "Size": "75 kVA Single Phase, 15kV",
    "Lateral Area (ft²)": 3.15,
    "Pole Side Area (ft²)": 3.21,
    "Weight (lbf)": 870,
    "Distance to Bottom From Attachment (\")": 21.96,
    "Distance to Top from Attachment (\")": 14.04,
    "Distance to Center of Mass (\")": 9.96,
    "Bolt Hole Diameter (/16\")": "None",
    "Shape": "ROUND"
  },
  {
    "Type": "TRANSFORMER",
    "Industry": "UTILITY",
    "Size": "75 kVA Single Phase, 25kV",
    "Lateral Area (ft²)": 3.15,
    "Pole Side Area (ft²)": 3.21,
    "Weight (lbf)": 900,
    "Distance to Bottom From Attachment (\")": 21.96,
    "Distance to Top from Attachment (\")": 14.04,
    "Distance to Center of Mass (\")": 9.96,
    "Bolt Hole Diameter (/16\")": "None",
    "Shape": "ROUND"
  },
  {
    "Type": "WIRELESS_ANTENNA",
    "Industry": "BOTH",
    "Size": "Strand-Mounted Antenna",
    "Lateral Area (ft²)": 2.5,
    "Pole Side Area (ft²)": 1.181,
    "Weight (lbf)": 85,
    "Distance to Bottom From Attachment (\")": 10,
    "Distance to Top from Attachment (\")": 0,
    "Distance to Center of Mass (\")": 96,
    "Bolt Hole Diameter (/16\")": "None",
    "Shape": "SQUARE"
  }
]