[
  {
    "Size": "Communication Arm",
    "Length (\")": 36,
    "Width (\")": 2,
    "Height (\")": 2,
    "Maximum Allowable Stress (lb/in²)": 65000,
    "Poisson's Ratio": 0.3,
    "Modulus of Elasticity (lb/in²)": 29000000,
    "Density (lb/ft³)": 490,
    "Wall Thickness (\")": 0.187,
    "Double Arm": false,
    "Shape": "SQUARE",
    "Material": "METAL",
    "Bolt Hole Diameter (/16\")": "None"
  },
  {
    "Size": "Fiberglass 10 ft Crossarm Deadend",
    "Length (\")": 120,
    "Width (\")": 3.75,
    "Height (\")": 5.75,
    "Maximum Allowable Stress (lb/in²)": 98700,
    "Poisson's Ratio": 0.3,
    "Modulus of Elasticity (lb/in²)": 5400000,
    "Density (lb/ft³)": 61.8,
    "Wall Thickness (\")": "SOLID",
    "Double Arm": false,
    "Shape": "SQUARE",
    "Material": "POLYMER",
    "Bolt Hole Diameter (/16\")": "None"
  },
  {
    "Size": "Fiberglass 10 ft Crossarm Tangent",
    "Length (\")": 120,
    "Width (\")": 3.75,
    "Height (\")": 5.75,
    "Maximum Allowable Stress (lb/in²)": 52900,
    "Poisson's Ratio": 0.3,
    "Modulus of Elasticity (lb/in²)": 3500000,
    "Density (lb/ft³)": 42.1,
    "Wall Thickness (\")": "SOLID",
    "Double Arm": false,
    "Shape": "SQUARE",
    "Material": "POLYMER",
    "Bolt Hole Diameter (/16\")": "None"
  },
  {
    "Size": "Fiberglass 18 inch Crossarm (1.5\" round)",
    "Length (\")": 18,
    "Width (\")": 1.5,
    "Height (\")": 1.5,
    "Maximum Allowable Stress (lb/in²)": 26200,
    "Poisson's Ratio": 0.3,
    "Modulus of Elasticity (lb/in²)": 3500000,
    "Density (lb/ft³)": 56.7,
    "Wall Thickness (\")": "SOLID",
    "Double Arm": false,
    "Shape": "SQUARE",
    "Material": "POLYMER",
    "Bolt Hole Diameter (/16\")": "None"
  },
  {
    "Size": "Fiberglass 4 ft Crossarm (3.5\" round)",
    "Length (\")": 48,
    "Width (\")": 3.5,
    "Height (\")": 3.5,
    "Maximum Allowable Stress (lb/in²)": 26200,
    "Poisson's Ratio": 0.3,
    "Modulus of Elasticity (lb/in²)": 3500000,
    "Density (lb/ft³)": 56.7,
    "Wall Thickness (\")": "SOLID",
    "Double Arm": false,
    "Shape": "SQUARE",
    "Material": "POLYMER",
    "Bolt Hole Diameter (/16\")": "None"
  },
  {
    "Size": "Fiberglass 4 ft Crossarm (4\" wide)",
    "Length (\")": 48,
    "Width (\")": 4,
    "Height (\")": 2,
    "Maximum Allowable Stress (lb/in²)": 26200,
    "Poisson's Ratio": 0.3,
    "Modulus of Elasticity (lb/in²)": 3500000,
    "Density (lb/ft³)": 56.7,
    "Wall Thickness (\")": "SOLID",
    "Double Arm": false,
    "Shape": "SQUARE",
    "Material": "POLYMER",
    "Bolt Hole Diameter (/16\")": "None"
  },
  {
    "Size": "Fiberglass 8 ft Crossarm Deadend",
    "Length (\")": 96,
    "Width (\")": 3.75,
    "Height (\")": 5.75,
    "Maximum Allowable Stress (lb/in²)": 84300,
    "Poisson's Ratio": 0.3,
    "Modulus of Elasticity (lb/in²)": 5400000,
    "Density (lb/ft³)": 67.6,
    "Wall Thickness (\")": "SOLID",
    "Double Arm": false,
    "Shape": "SQUARE",
    "Material": "POLYMER",
    "Bolt Hole Diameter (/16\")": "None"
  },
  {
    "Size": "Fiberglass 8 ft Crossarm Tangent",
    "Length (\")": 96,
    "Width (\")": 3.75,
    "Height (\")": 5.75,
    "Maximum Allowable Stress (lb/in²)": 48000,
    "Poisson's Ratio": 0.3,
    "Modulus of Elasticity (lb/in²)": 3500000,
    "Density (lb/ft³)": 45.1,
    "Wall Thickness (\")": "SOLID",
    "Double Arm": false,
    "Shape": "SQUARE",
    "Material": "POLYMER",
    "Bolt Hole Diameter (/16\")": "None"
  },
  {
    "Size": "Steel 4 ft Crossarm",
    "Length (\")": 48,
    "Width (\")": 4,
    "Height (\")": 3,
    "Maximum Allowable Stress (lb/in²)": 65000,
    "Poisson's Ratio": 0.3,
    "Modulus of Elasticity (lb/in²)": 29000000,
    "Density (lb/ft³)": 490,
    "Wall Thickness (\")": 0.187,
    "Double Arm": false,
    "Shape": "SQUARE",
    "Material": "METAL",
    "Bolt Hole Diameter (/16\")": "None"
  },
  {
    "Size": "Wood 10 Ft Crossarm - 3.75\" X 5.75",
    "Length (\")": 120,
    "Width (\")": 3.75,
    "Height (\")": 5.75,
    "Maximum Allowable Stress (lb/in²)": 8000,
    "Poisson's Ratio": 0.3,
    "Modulus of Elasticity (lb/in²)": 2500000,
    "Density (lb/ft³)": 40,
    "Wall Thickness (\")": "SOLID",
    "Double Arm": false,
    "Shape": "SQUARE",
    "Material": "WOOD",
    "Bolt Hole Diameter (/16\")": 11
  },
  {
    "Size": "Wood 10 Ft Double Crossarm - 3.75\" X 5.75",
    "Length (\")": 120,
    "Width (\")": 3.75,
    "Height (\")": 5.75,
    "Maximum Allowable Stress (lb/in²)": 16000,
    "Poisson's Ratio": 0.3,
    "Modulus of Elasticity (lb/in²)": 2500000,
    "Density (lb/ft³)": 40,
    "Wall Thickness (\")": "SOLID",
    "Double Arm": true,
    "Shape": "SQUARE",
    "Material": "WOOD",
    "Bolt Hole Diameter (/16\")": 11
  },
  {
    "Size": "Wood 8 Ft Crossarm - 3.5\" X 4.5",
    "Length (\")": 96,
    "Width (\")": 3.5,
    "Height (\")": 4.5,
    "Maximum Allowable Stress (lb/in²)": 8000,
    "Poisson's Ratio": 0.3,
    "Modulus of Elasticity (lb/in²)": 2500000,
    "Density (lb/ft³)": 40,
    "Wall Thickness (\")": "SOLID",
    "Double Arm": false,
    "Shape": "SQUARE",
    "Material": "WOOD",
    "Bolt Hole Diameter (/16\")": 11
  },
  {
    "Size": "Wood 8 Ft Crossarm - 3.75\" X 5.75",
    "Length (\")": 96,
    "Width (\")": 3.75,
    "Height (\")": 5.75,
    "Maximum Allowable Stress (lb/in²)": 8000,
    "Poisson's Ratio": 0.3,
    "Modulus of Elasticity (lb/in²)": 2500000,
    "Density (lb/ft³)": 40,
    "Wall Thickness (\")": "SOLID",
    "Double Arm": false,
    "Shape": "SQUARE",
    "Material": "WOOD",
    "Bolt Hole Diameter (/16\")": 11
  },
  {
    "Size": "Wood 8 Ft Double Crossarm - 3.5\" X 4.5",
    "Length (\")": 96,
    "Width (\")": 3.5,
    "Height (\")": 4.5,
    "Maximum Allowable Stress (lb/in²)": 12000,
    "Poisson's Ratio": 0.3,
    "Modulus of Elasticity (lb/in²)": 2500000,
    "Density (lb/ft³)": 40,
    "Wall Thickness (\")": "SOLID",
    "Double Arm": true,
    "Shape": "SQUARE",
    "Material": "WOOD",
    "Bolt Hole Diameter (/16\")": 11
  },
  {
    "Size": "Wood 8 Ft Triple Crossarm - 3.5\" X 4.5",
    "Length (\")": 96,
    "Width (\")": 3.5,
    "Height (\")": 4.5,
    "Maximum Allowable Stress (lb/in²)": 16000,
    "Poisson's Ratio": 0.3,
    "Modulus of Elasticity (lb/in²)": 2500000,
    "Density (lb/ft³)": 40,
    "Wall Thickness (\")": "SOLID",
    "Double Arm": true,
    "Shape": "SQUARE",
    "Material": "WOOD",
    "Bolt Hole Diameter (/16\")": 11
  }
]