[
  {
    "Type": "CLAMP",
    "Size": "Comms - 3-Bolt Clamp",
    "Horizontal Offset (\")": 0,
    "Vertical Offset (\")": 0,
    "Maximum Rated Strength (lbf)": 6650,
    "Maximum Cantilever Strength (lbf)": "",
    "Maximum Compression Strength (lbf)": "",
    "Maximum Tension Strength (lbf)": "",
    "Line of Action Offset (\")": 0,
    "Weight (lbf)": 1,
    "Lateral Area (ft²)": 0.0064,
    "Pole Side Area (ft²)": 0.0264,
    "Bolt Hole Diameter (/16\")": 10,
    "Shape": "SQUARE"
  },
  {
    "Type": "DEADEND",
    "Size": "Comms - Deadend Clamp",
    "Horizontal Offset (\")": 2,
    "Vertical Offset (\")": 0,
    "Maximum Rated Strength (lbf)": 6650,
    "Maximum Cantilever Strength (lbf)": "",
    "Maximum Compression Strength (lbf)": "",
    "Maximum Tension Strength (lbf)": "",
    "Line of Action Offset (\")": 0,
    "Weight (lbf)": 1,
    "Lateral Area (ft²)": 0.0064,
    "Pole Side Area (ft²)": 0.0264,
    "Bolt Hole Diameter (/16\")": 10,
    "Shape": "ROUND"
  },
  {
    "Type": "DEADEND",
    "Size": "PNM - 15 kV Polymer Dead End Insulator",
    "Horizontal Offset (\")": 13,
    "Vertical Offset (\")": 0,
    "Maximum Rated Strength (lbf)": 15000,
    "Maximum Cantilever Strength (lbf)": "",
    "Maximum Compression Strength (lbf)": "",
    "Maximum Tension Strength (lbf)": "",
    "Line of Action Offset (\")": 0,
    "Weight (lbf)": 2.6,
    "Lateral Area (ft²)": 1.083,
    "Pole Side Area (ft²)": 0.09,
    "Bolt Hole Diameter (/16\")": "None",
    "Shape": "ROUND"
  },
  {
    "Type": "RUNNING_ANGLE",
    "Size": "PNM - 15 kV Polymer Running Angle Insulator",
    "Horizontal Offset (\")": 29,
    "Vertical Offset (\")": 0,
    "Maximum Rated Strength (lbf)": 15000,
    "Maximum Cantilever Strength (lbf)": "",
    "Maximum Compression Strength (lbf)": "",
    "Maximum Tension Strength (lbf)": "",
    "Line of Action Offset (\")": 0,
    "Weight (lbf)": 2.6,
    "Lateral Area (ft²)": 0.3147,
    "Pole Side Area (ft²)": 0.19635,
    "Bolt Hole Diameter (/16\")": "None",
    "Shape": "ROUND"
  },
  {
    "Type": "CLAMP",
    "Size": "PNM - 3\" Insulator Spool",
    "Horizontal Offset (\")": 0,
    "Vertical Offset (\")": 0,
    "Maximum Rated Strength (lbf)": 15000,
    "Maximum Cantilever Strength (lbf)": "",
    "Maximum Compression Strength (lbf)": "",
    "Maximum Tension Strength (lbf)": "",
    "Line of Action Offset (\")": 0,
    "Weight (lbf)": 1.21,
    "Lateral Area (ft²)": 0.065,
    "Pole Side Area (ft²)": 0.065,
    "Bolt Hole Diameter (/16\")": 10,
    "Shape": "ROUND"
  },
  {
    "Type": "BRACKET",
    "Size": "PNM - ANSI 55-4 Pin Type Polyethylene Insulator (18\" Bracket)",
    "Horizontal Offset (\")": 18,
    "Vertical Offset (\")": 6.63,
    "Maximum Rated Strength (lbf)": 3000,
    "Maximum Cantilever Strength (lbf)": "",
    "Maximum Compression Strength (lbf)": "",
    "Maximum Tension Strength (lbf)": "",
    "Line of Action Offset (\")": 0,
    "Weight (lbf)": 3.61,
    "Lateral Area (ft²)": 0.73,
    "Pole Side Area (ft²)": 0.73,
    "Bolt Hole Diameter (/16\")": 10,
    "Shape": "ROUND"
  },
  {
    "Type": "PIN",
    "Size": "PNM - ANSI 55-4 Pin Type Polyethylene Insulator (Crossarm)",
    "Horizontal Offset (\")": 0,
    "Vertical Offset (\")": 6.63,
    "Maximum Rated Strength (lbf)": 3000,
    "Maximum Cantilever Strength (lbf)": "",
    "Maximum Compression Strength (lbf)": "",
    "Maximum Tension Strength (lbf)": "",
    "Line of Action Offset (\")": 0,
    "Weight (lbf)": 3.61,
    "Lateral Area (ft²)": 0.73,
    "Pole Side Area (ft²)": 0.73,
    "Bolt Hole Diameter (/16\")": 10,
    "Shape": "ROUND"
  },
  {
    "Type": "POLE_TOP",
    "Size": "PNM - ANSI 55-4 Pin Type Polyethylene Insulator (Pole Top)",
    "Horizontal Offset (\")": 0,
    "Vertical Offset (\")": 6.63,
    "Maximum Rated Strength (lbf)": 3000,
    "Maximum Cantilever Strength (lbf)": "",
    "Maximum Compression Strength (lbf)": "",
    "Maximum Tension Strength (lbf)": "",
    "Line of Action Offset (\")": 0,
    "Weight (lbf)": 3.61,
    "Lateral Area (ft²)": 0.73,
    "Pole Side Area (ft²)": 0.73,
    "Bolt Hole Diameter (/16\")": 10,
    "Shape": "ROUND"
  },
  {
    "Type": "CLAMP",
    "Size": "PNM - Secondary Eye Bolt",
    "Horizontal Offset (\")": 2,
    "Vertical Offset (\")": 0,
    "Maximum Rated Strength (lbf)": 3000,
    "Maximum Cantilever Strength (lbf)": "",
    "Maximum Compression Strength (lbf)": "",
    "Maximum Tension Strength (lbf)": "",
    "Line of Action Offset (\")": 0,
    "Weight (lbf)": 1,
    "Lateral Area (ft²)": 0.0064,
    "Pole Side Area (ft²)": 0.0264,
    "Bolt Hole Diameter (/16\")": 10,
    "Shape": "ROUND"
  }
]