[
  {
    "Size": "2\" Schedule 40",
    "Outer Diameter (\")": 2.375,
    "Wall Thickness (\")": 0.154,
    "Modulus of Elasticity (lb/in²)": 29000000,
    "Density (lb/ft³)": 490,
    "Shortest Length (\")": 36,
    "Shortest Length Capacity (lbf)": 35054,
    "Longest Length (\")": 180,
    "Longest Length Capacity (lbf)": 5854
  },
  {
    "Size": "2.5\" Schedule 40",
    "Outer Diameter (\")": 2.875,
    "Wall Thickness (\")": 0.203,
    "Modulus of Elasticity (lb/in²)": 29000000,
    "Density (lb/ft³)": 490,
    "Shortest Length (\")": 36,
    "Shortest Length Capacity (lbf)": 56871,
    "Longest Length (\")": 180,
    "Longest Length Capacity (lbf)": 13468
  },
  {
    "Size": "3\" Schedule 40",
    "Outer Diameter (\")": 3.5,
    "Wall Thickness (\")": 0.216,
    "Modulus of Elasticity (lb/in²)": 29000000,
    "Density (lb/ft³)": 490,
    "Shortest Length (\")": 36,
    "Shortest Length Capacity (lbf)": 75752,
    "Longest Length (\")": 180,
    "Longest Length Capacity (lbf)": 26508
  }
]